--
-- PostgreSQL database dump
--

-- Dumped from database version 12.17 (Ubuntu 12.17-1.pgdg22.04+1)
-- Dumped by pg_dump version 12.17 (Ubuntu 12.17-1.pgdg22.04+1)

SET statement_timeout = 0;
SET lock_timeout = 0;
SET idle_in_transaction_session_timeout = 0;
SET client_encoding = 'UTF8';
SET standard_conforming_strings = on;
SELECT pg_catalog.set_config('search_path', '', false);
SET check_function_bodies = false;
SET xmloption = content;
SET client_min_messages = warning;
SET row_security = off;

SET default_tablespace = '';

SET default_table_access_method = heap;

--
-- Name: courses; Type: TABLE; Schema: public; Owner: freecodecamp
--

CREATE TABLE public.courses (
    course_id integer NOT NULL,
    course character varying(100) NOT NULL
);


ALTER TABLE public.courses OWNER TO freecodecamp;

--
-- Name: courses_course_id_seq; Type: SEQUENCE; Schema: public; Owner: freecodecamp
--

CREATE SEQUENCE public.courses_course_id_seq
    AS integer
    START WITH 1
    INCREMENT BY 1
    NO MINVALUE
    NO MAXVALUE
    CACHE 1;


ALTER TABLE public.courses_course_id_seq OWNER TO freecodecamp;

--
-- Name: courses_course_id_seq; Type: SEQUENCE OWNED BY; Schema: public; Owner: freecodecamp
--

ALTER SEQUENCE public.courses_course_id_seq OWNED BY public.courses.course_id;


--
-- Name: majors; Type: TABLE; Schema: public; Owner: freecodecamp
--

CREATE TABLE public.majors (
    major_id integer NOT NULL,
    major character varying(50) NOT NULL
);


ALTER TABLE public.majors OWNER TO freecodecamp;

--
-- Name: majors_courses; Type: TABLE; Schema: public; Owner: freecodecamp
--

CREATE TABLE public.majors_courses (
    major_id integer NOT NULL,
    course_id integer NOT NULL
);


ALTER TABLE public.majors_courses OWNER TO freecodecamp;

--
-- Name: majors_major_id_seq; Type: SEQUENCE; Schema: public; Owner: freecodecamp
--

CREATE SEQUENCE public.majors_major_id_seq
    AS integer
    START WITH 1
    INCREMENT BY 1
    NO MINVALUE
    NO MAXVALUE
    CACHE 1;


ALTER TABLE public.majors_major_id_seq OWNER TO freecodecamp;

--
-- Name: majors_major_id_seq; Type: SEQUENCE OWNED BY; Schema: public; Owner: freecodecamp
--

ALTER SEQUENCE public.majors_major_id_seq OWNED BY public.majors.major_id;


--
-- Name: students; Type: TABLE; Schema: public; Owner: freecodecamp
--

CREATE TABLE public.students (
    student_id integer NOT NULL,
    first_name character varying(50) NOT NULL,
    last_name character varying(50) NOT NULL,
    major_id integer,
    gpa numeric(2,1)
);


ALTER TABLE public.students OWNER TO freecodecamp;

--
-- Name: students_student_id_seq; Type: SEQUENCE; Schema: public; Owner: freecodecamp
--

CREATE SEQUENCE public.students_student_id_seq
    AS integer
    START WITH 1
    INCREMENT BY 1
    NO MINVALUE
    NO MAXVALUE
    CACHE 1;


ALTER TABLE public.students_student_id_seq OWNER TO freecodecamp;

--
-- Name: students_student_id_seq; Type: SEQUENCE OWNED BY; Schema: public; Owner: freecodecamp
--

ALTER SEQUENCE public.students_student_id_seq OWNED BY public.students.student_id;


--
-- Name: courses course_id; Type: DEFAULT; Schema: public; Owner: freecodecamp
--

ALTER TABLE ONLY public.courses ALTER COLUMN course_id SET DEFAULT nextval('public.courses_course_id_seq'::regclass);


--
-- Name: majors major_id; Type: DEFAULT; Schema: public; Owner: freecodecamp
--

ALTER TABLE ONLY public.majors ALTER COLUMN major_id SET DEFAULT nextval('public.majors_major_id_seq'::regclass);


--
-- Name: students student_id; Type: DEFAULT; Schema: public; Owner: freecodecamp
--

ALTER TABLE ONLY public.students ALTER COLUMN student_id SET DEFAULT nextval('public.students_student_id_seq'::regclass);


--
-- Data for Name: courses; Type: TABLE DATA; Schema: public; Owner: freecodecamp
--

COPY public.courses (course_id, course) FROM stdin;
23	Data Structures and Algorithms
24	Web Programming
25	Database Systems
26	Computer Networks
27	SQL
28	Machine Learning
29	Computer Systems
30	Web Applications
31	Artificial Intelligence
32	Python
33	Object-Oriented Programming
34	Calculus
35	Game Architecture
36	Algorithms
37	UNIX
38	Server Administration
39	Network Security
\.


--
-- Data for Name: majors; Type: TABLE DATA; Schema: public; Owner: freecodecamp
--

COPY public.majors (major_id, major) FROM stdin;
36	Database Administration
37	Web Development
38	Data Science
39	Network Engineering
40	Computer Programming
41	Game Design
42	System Administration
\.


--
-- Data for Name: majors_courses; Type: TABLE DATA; Schema: public; Owner: freecodecamp
--

COPY public.majors_courses (major_id, course_id) FROM stdin;
36	23
37	24
36	25
38	23
39	26
36	27
38	28
39	29
40	26
36	30
41	31
38	32
40	33
42	29
41	34
37	23
38	34
37	33
41	35
42	26
41	36
42	37
42	38
40	29
40	32
39	39
37	30
39	36
\.


--
-- Data for Name: students; Type: TABLE DATA; Schema: public; Owner: freecodecamp
--

COPY public.students (student_id, first_name, last_name, major_id, gpa) FROM stdin;
6	Rhea	Kellems	36	2.5
7	Emma	Gilbert	\N	\N
8	Kimberly	Whitley	37	3.8
9	Jimmy	Felipe	36	3.7
10	Kyle	Stimson	\N	2.8
11	Casares	Hijo	41	4.0
12	Noe	Savage	\N	3.6
13	Sterling	Boss	41	3.9
14	Brian	Davis	\N	2.3
15	Kaija	Uronen	41	3.7
16	Faye	Conn	41	2.1
17	Efren	Reilly	37	3.9
18	Danh	Nhung	\N	2.4
19	Maxine	Hagenes	36	2.9
20	Larry	Saunders	38	2.2
21	Karl	Kuhar	37	\N
22	Lieke	Hazenveld	41	3.5
23	Obie	Hilpert	37	\N
24	Peter	Booysen	\N	2.9
25	Nathan	Turner	36	3.3
26	Gerald	Osiki	38	2.2
27	Vanya	Hassanah	41	4.0
28	Roxelana	Florescu	36	3.2
29	Helene	Parker	38	3.4
30	Mariana	Russel	37	1.8
31	Ajit	Dhungel	\N	3.0
32	Mehdi	Vandenberghe	36	1.9
33	Dejon	Howell	37	4.0
34	Aliya	Gulgowski	42	2.6
35	Ana	Tupajic	38	3.1
36	Hugo	Duran	\N	3.8
\.


--
-- Name: courses_course_id_seq; Type: SEQUENCE SET; Schema: public; Owner: freecodecamp
--

SELECT pg_catalog.setval('public.courses_course_id_seq', 39, true);


--
-- Name: majors_major_id_seq; Type: SEQUENCE SET; Schema: public; Owner: freecodecamp
--

SELECT pg_catalog.setval('public.majors_major_id_seq', 42, true);


--
-- Name: students_student_id_seq; Type: SEQUENCE SET; Schema: public; Owner: freecodecamp
--

SELECT pg_catalog.setval('public.students_student_id_seq', 36, true);


--
-- Name: courses courses_pkey; Type: CONSTRAINT; Schema: public; Owner: freecodecamp
--

ALTER TABLE ONLY public.courses
    ADD CONSTRAINT courses_pkey PRIMARY KEY (course_id);


--
-- Name: majors_courses majors_courses_pkey; Type: CONSTRAINT; Schema: public; Owner: freecodecamp
--

ALTER TABLE ONLY public.majors_courses
    ADD CONSTRAINT majors_courses_pkey PRIMARY KEY (major_id, course_id);


--
-- Name: majors majors_pkey; Type: CONSTRAINT; Schema: public; Owner: freecodecamp
--

ALTER TABLE ONLY public.majors
    ADD CONSTRAINT majors_pkey PRIMARY KEY (major_id);


--
-- Name: students students_pkey; Type: CONSTRAINT; Schema: public; Owner: freecodecamp
--

ALTER TABLE ONLY public.students
    ADD CONSTRAINT students_pkey PRIMARY KEY (student_id);


--
-- Name: majors_courses majors_courses_course_id_fkey; Type: FK CONSTRAINT; Schema: public; Owner: freecodecamp
--

ALTER TABLE ONLY public.majors_courses
    ADD CONSTRAINT majors_courses_course_id_fkey FOREIGN KEY (course_id) REFERENCES public.courses(course_id);


--
-- Name: majors_courses majors_courses_major_id_fkey; Type: FK CONSTRAINT; Schema: public; Owner: freecodecamp
--

ALTER TABLE ONLY public.majors_courses
    ADD CONSTRAINT majors_courses_major_id_fkey FOREIGN KEY (major_id) REFERENCES public.majors(major_id);


--
-- Name: students students_major_id_fkey; Type: FK CONSTRAINT; Schema: public; Owner: freecodecamp
--

ALTER TABLE ONLY public.students
    ADD CONSTRAINT students_major_id_fkey FOREIGN KEY (major_id) REFERENCES public.majors(major_id);


--
-- PostgreSQL database dump complete
--

